run_id,sample,elapsed_s,traffic,result,app_elapsed_ms,plain_or_target_bytes,response_bytes,alice_transport_key_id,alice_response_qgp_result,bob_transport_key_id,bob_qgp_result
RUN-0268,1,3.38,message,PASS,37,22,,KID-024,PASS,KID-024,PASS
RUN-0269,2,18.58,file,PASS,31,4096,,KID-024,PASS,KID-024,PASS
RUN-0270,3,34.31,openweb,PASS,971,132045,321740,KID-025,PASS,KID-025,PASS
RUN-0271,4,48.46,message,PASS,36,22,,KID-025,PASS,KID-025,PASS
RUN-0272,5,63.26,file,PASS,15,4096,,KID-025,PASS,KID-025,PASS
RUN-0273,6,79.41,openweb,PASS,1042,132045,321740,KID-025,PASS,KID-025,PASS
RUN-0274,7,93.74,message,PASS,49,22,,KID-025,PASS,KID-025,PASS
RUN-0275,8,108.25,file,PASS,31,4096,,KID-025,PASS,KID-025,PASS
RUN-0276,9,123.96,openweb,PASS,646,132045,321740,KID-026,PASS,KID-026,PASS
RUN-0277,10,138.39,message,PASS,37,23,,KID-026,PASS,KID-026,PASS
RUN-0278,11,153.55,file,PASS,15,4096,,KID-026,PASS,KID-026,PASS
RUN-0279,12,169.57,openweb,PASS,1023,132045,321740,KID-027,PASS,KID-027,PASS
RUN-0280,13,183.21,message,PASS,38,23,,KID-027,PASS,KID-027,PASS
RUN-0281,14,198.40,file,PASS,16,4096,,KID-027,PASS,KID-027,PASS
RUN-0282,15,214.31,openweb,PASS,847,132045,321740,KID-027,PASS,KID-027,PASS
RUN-0283,16,228.44,message,PASS,37,23,,KID-027,PASS,KID-027,PASS
RUN-0284,17,243.53,file,PASS,31,4096,,KID-027,PASS,KID-027,PASS
RUN-0285,18,259.40,openweb,PASS,718,132045,321740,KID-028,PASS,KID-028,PASS
RUN-0286,19,273.23,message,PASS,36,23,,KID-028,PASS,KID-028,PASS
RUN-0287,20,288.26,file,PASS,23,4096,,KID-028,PASS,KID-028,PASS
RUN-0288,21,304.32,openweb,PASS,720,132045,321740,KID-028,PASS,KID-028,PASS
RUN-0289,22,318.47,message,PASS,47,23,,KID-029,PASS,KID-029,PASS
RUN-0290,23,333.39,file,PASS,32,4096,,KID-029,PASS,KID-029,PASS
RUN-0291,24,349.40,openweb,PASS,883,132045,321740,KID-029,PASS,KID-029,PASS
RUN-0292,25,363.20,message,PASS,37,23,,KID-029,PASS,KID-029,PASS
RUN-0293,26,378.36,file,PASS,16,4096,,KID-029,PASS,KID-029,PASS
RUN-0294,27,394.01,openweb,PASS,688,132045,321740,KID-030,PASS,KID-030,PASS
RUN-0295,28,408.41,message,PASS,36,23,,KID-030,PASS,KID-030,PASS
RUN-0296,29,423.44,file,PASS,16,4096,,KID-030,PASS,KID-030,PASS
RUN-0297,30,439.24,openweb,PASS,654,132045,321740,KID-030,PASS,KID-030,PASS
RUN-0298,31,453.39,message,PASS,37,23,,KID-031,PASS,KID-031,PASS
RUN-0299,32,468.41,file,PASS,15,4096,,KID-031,PASS,KID-031,PASS
RUN-0300,33,484.27,openweb,PASS,819,132045,321740,KID-031,PASS,KID-031,PASS
RUN-0301,34,498.42,message,PASS,27,23,,KID-031,PASS,KID-031,PASS
RUN-0302,35,513.52,file,PASS,,4096,,KID-031,PASS,KID-031,PASS
RUN-0303,36,529.23,openweb,PASS,1069,132045,321740,KID-032,PASS,KID-032,PASS
RUN-0304,37,543.04,message,PASS,36,23,,KID-032,PASS,KID-032,PASS
RUN-0305,38,558.05,file,PASS,27,4096,,KID-032,PASS,KID-032,PASS
RUN-0306,39,574.15,openweb,PASS,813,132045,321740,KID-032,PASS,KID-032,PASS
RUN-0307,40,588.50,message,PASS,36,23,,KID-033,PASS,KID-033,PASS
RUN-0308,41,603.47,file,PASS,28,4096,,KID-033,PASS,KID-033,PASS
RUN-0309,42,620.32,openweb,PASS,958,132045,321740,KID-033,PASS,KID-033,PASS
RUN-0310,43,633.57,message,PASS,37,23,,KID-033,PASS,KID-033,PASS
RUN-0311,44,648.80,file,PASS,15,4096,,KID-034,PASS,KID-034,PASS
RUN-0312,45,663.96,openweb,PASS,688,132045,321740,KID-034,PASS,KID-034,PASS
RUN-0313,46,678.66,message,PASS,53,23,,KID-034,PASS,KID-034,PASS
RUN-0314,47,693.46,file,PASS,24,4096,,KID-034,PASS,KID-034,PASS
RUN-0315,48,709.08,openweb,PASS,813,132045,321740,KID-035,PASS,KID-035,PASS
RUN-0316,49,723.34,message,PASS,36,23,,KID-035,PASS,KID-035,PASS
RUN-0317,50,738.41,file,PASS,28,4096,,KID-035,PASS,KID-035,PASS
RUN-0318,51,754.49,openweb,PASS,763,132045,321740,KID-035,PASS,KID-035,PASS
RUN-0319,52,769.07,message,PASS,37,23,,KID-036,PASS,KID-036,PASS
RUN-0320,53,783.53,file,PASS,15,4096,,KID-036,PASS,KID-036,PASS
RUN-0321,54,800.14,openweb,PASS,1513,132045,321740,KID-036,PASS,KID-036,PASS
RUN-0322,55,813.64,message,PASS,36,23,,KID-036,PASS,KID-036,PASS
RUN-0323,56,828.76,file,PASS,15,4096,,KID-037,PASS,KID-037,PASS
RUN-0324,57,844.32,openweb,PASS,669,132045,321740,KID-037,PASS,KID-037,PASS
RUN-0325,58,858.44,message,PASS,24,23,,KID-037,PASS,KID-037,PASS
RUN-0326,59,873.31,file,PASS,15,4096,,KID-037,PASS,KID-037,PASS
RUN-0327,60,889.11,openweb,PASS,727,132045,321740,KID-038,PASS,KID-038,PASS
RUN-0328,61,903.57,message,PASS,37,23,,KID-038,PASS,KID-038,PASS
RUN-0329,62,918.45,file,PASS,26,4096,,KID-038,PASS,KID-038,PASS
RUN-0330,63,934.50,openweb,PASS,1060,132045,321740,KID-038,PASS,KID-038,PASS
RUN-0331,64,948.28,message,PASS,34,23,,KID-039,PASS,KID-039,PASS
RUN-0332,65,963.34,file,PASS,15,4096,,KID-039,PASS,KID-039,PASS
RUN-0333,66,979.19,openweb,PASS,841,132045,321740,KID-039,PASS,KID-039,PASS
RUN-0334,67,993.74,message,PASS,36,23,,KID-039,PASS,KID-039,PASS
RUN-0335,68,1007.90,file,PASS,11,4096,,KID-040,PASS,KID-040,PASS
RUN-0336,69,1024.27,openweb,PASS,771,132045,321740,KID-040,PASS,KID-040,PASS
RUN-0337,70,1038.46,message,PASS,50,23,,KID-040,PASS,KID-040,PASS
RUN-0338,71,1053.50,file,PASS,19,4096,,KID-040,PASS,KID-040,PASS
RUN-0339,72,1069.40,openweb,PASS,956,132045,321740,KID-041,PASS,KID-041,PASS
RUN-0340,73,1083.39,message,PASS,37,23,,KID-041,PASS,KID-041,PASS
RUN-0341,74,1098.26,file,PASS,15,4096,,KID-041,PASS,KID-041,PASS
RUN-0342,75,1114.85,openweb,PASS,1438,132045,321740,KID-041,PASS,KID-041,PASS
RUN-0343,76,1128.51,message,PASS,36,23,,KID-041,PASS,KID-042,PASS
RUN-0344,77,1143.31,file,PASS,16,4096,,KID-042,PASS,KID-042,PASS
RUN-0345,78,1159.42,openweb,PASS,854,132045,321740,KID-042,PASS,KID-042,PASS
RUN-0346,79,1173.20,message,PASS,37,23,,KID-042,PASS,KID-042,PASS
RUN-0347,80,1188.53,file,PASS,29,4096,,KID-042,PASS,KID-042,PASS
RUN-0348,81,1203.98,openweb,PASS,752,132045,321740,KID-043,PASS,KID-043,PASS
RUN-0349,82,1218.42,message,PASS,31,23,,KID-043,PASS,KID-043,PASS
RUN-0350,83,1233.35,file,PASS,13,4096,,KID-043,PASS,KID-043,PASS
RUN-0351,84,1250.96,openweb,PASS,758,132045,321740,KID-043,PASS,KID-044,PASS
RUN-0352,85,1263.24,message,PASS,38,23,,KID-044,PASS,KID-044,PASS
RUN-0353,86,1278.57,file,PASS,15,4096,,KID-044,PASS,KID-044,PASS
RUN-0354,87,1294.17,openweb,PASS,753,132045,321740,KID-044,PASS,KID-044,PASS
RUN-0355,88,1308.33,message,PASS,37,23,,KID-044,PASS,KID-044,PASS
RUN-0356,89,1325.08,file,PASS,25,4096,,KID-045,PASS,KID-045,PASS
RUN-0357,90,1339.23,openweb,PASS,896,132045,321740,KID-045,PASS,KID-045,PASS
RUN-0358,91,1353.44,message,PASS,53,23,,KID-045,PASS,KID-045,PASS
RUN-0359,92,1368.73,file,PASS,29,4096,,KID-045,PASS,KID-045,PASS
RUN-0360,93,1384.32,openweb,PASS,845,132045,321740,KID-046,PASS,KID-046,PASS
RUN-0361,94,1398.60,message,PASS,54,23,,KID-046,PASS,KID-046,PASS
RUN-0362,95,1413.33,file,PASS,31,4096,,KID-046,PASS,KID-046,PASS
RUN-0363,96,1429.41,openweb,PASS,942,132045,321740,KID-046,PASS,KID-046,PASS
RUN-0364,97,1443.54,message,PASS,36,23,,KID-047,PASS,KID-047,PASS
RUN-0365,98,1458.25,file,PASS,6,4096,,KID-047,PASS,KID-047,PASS
RUN-0366,99,1474.49,openweb,PASS,989,132045,321740,KID-047,PASS,KID-047,PASS
RUN-0367,100,1488.65,message,PASS,49,24,,KID-047,PASS,KID-047,PASS
RUN-0368,101,1503.33,file,PASS,15,4096,,KID-048,PASS,KID-048,PASS
RUN-0369,102,1519.61,openweb,PASS,1131,132045,321740,KID-048,PASS,KID-048,PASS
RUN-0370,103,1534.96,message,PASS,53,24,,KID-048,PASS,KID-048,PASS
RUN-0371,104,1548.59,file,PASS,31,4096,,KID-048,PASS,KID-048,PASS
RUN-0372,105,1564.16,openweb,PASS,871,132045,321740,KID-049,PASS,KID-049,PASS
RUN-0373,106,1578.34,message,PASS,36,24,,KID-049,PASS,KID-049,PASS
RUN-0374,107,1593.51,file,PASS,15,4096,,KID-049,PASS,KID-049,PASS
RUN-0375,108,1609.24,openweb,PASS,788,132045,321740,KID-049,PASS,KID-049,PASS
RUN-0376,109,1623.50,message,PASS,24,24,,KID-050,PASS,KID-050,PASS
RUN-0377,110,1638.10,file,PASS,17,4096,,KID-050,PASS,KID-050,PASS
RUN-0378,111,1654.01,openweb,PASS,777,132045,321740,KID-050,PASS,KID-050,PASS
RUN-0379,112,1668.50,message,PASS,29,24,,KID-050,PASS,KID-050,PASS
RUN-0380,113,1683.17,file,PASS,16,4096,,KID-051,PASS,KID-051,PASS
RUN-0381,114,1699.01,openweb,PASS,800,132045,321740,KID-051,PASS,KID-051,PASS
RUN-0382,115,1713.59,message,PASS,51,24,,KID-051,PASS,KID-051,PASS
RUN-0383,116,1728.22,file,PASS,31,4096,,KID-051,PASS,KID-051,PASS
RUN-0384,117,1744.51,openweb,PASS,850,132045,321740,KID-051,PASS,KID-051,PASS
RUN-0385,118,1758.38,message,PASS,37,24,,KID-052,PASS,KID-052,PASS
RUN-0386,119,1773.44,file,PASS,15,4096,,KID-052,PASS,KID-052,PASS
RUN-0387,120,1789.76,openweb,PASS,800,132045,321740,KID-052,PASS,KID-052,PASS
RUN-0388,121,1803.42,message,PASS,28,24,,KID-052,PASS,KID-052,PASS
RUN-0389,122,1819.47,file,PASS,15,4096,,KID-053,PASS,KID-053,PASS
RUN-0390,123,1834.16,openweb,PASS,891,132045,321740,KID-053,PASS,KID-053,PASS
RUN-0391,124,1848.30,message,PASS,36,24,,KID-053,PASS,KID-053,PASS
RUN-0392,125,1863.28,file,PASS,15,4096,,KID-053,PASS,KID-053,PASS
RUN-0393,126,1879.28,openweb,PASS,756,132045,321740,KID-054,PASS,KID-054,PASS
RUN-0394,127,1893.39,message,PASS,37,24,,KID-054,PASS,KID-054,PASS
RUN-0395,128,1908.82,file,PASS,15,4096,,KID-054,PASS,KID-054,PASS
RUN-0396,129,1924.16,openweb,PASS,625,132045,321740,KID-054,PASS,KID-054,PASS
RUN-0397,130,1938.66,message,PASS,54,24,,KID-055,PASS,KID-055,PASS
RUN-0398,131,1953.34,file,PASS,16,4096,,KID-055,PASS,KID-055,PASS
RUN-0399,132,1969.07,openweb,PASS,713,132045,321740,KID-055,PASS,KID-055,PASS
RUN-0400,133,1983.61,message,PASS,38,24,,KID-055,PASS,KID-055,PASS
RUN-0401,134,1998.26,file,PASS,15,4096,,KID-056,PASS,KID-056,PASS
RUN-0402,135,2014.13,openweb,PASS,849,132045,321740,KID-056,PASS,KID-056,PASS
RUN-0403,136,2028.26,message,PASS,36,24,,KID-056,PASS,KID-056,PASS
RUN-0404,137,2043.50,file,PASS,15,4096,,KID-056,PASS,KID-056,PASS
RUN-0405,138,2059.59,openweb,PASS,1127,132045,321740,KID-057,PASS,KID-057,PASS
RUN-0406,139,2074.14,message,PASS,53,24,,KID-057,PASS,KID-057,PASS
RUN-0407,140,2088.44,file,PASS,31,4096,,KID-057,PASS,KID-057,PASS
RUN-0408,141,2104.68,openweb,PASS,974,132045,321740,KID-057,PASS,KID-057,PASS
RUN-0409,142,2118.32,message,PASS,37,24,,KID-058,PASS,KID-058,PASS
RUN-0410,143,2133.51,file,PASS,15,4096,,KID-058,PASS,KID-058,PASS
RUN-0411,144,2149.36,openweb,PASS,847,132045,321740,KID-058,PASS,KID-058,PASS
RUN-0412,145,2163.42,message,PASS,37,24,,KID-058,PASS,KID-058,PASS
RUN-0413,146,2178.63,file,PASS,16,4096,,KID-059,PASS,KID-059,PASS
RUN-0414,147,2194.48,openweb,PASS,829,132045,321740,KID-059,PASS,KID-059,PASS
RUN-0415,148,2208.48,message,PASS,39,24,,KID-059,PASS,KID-059,PASS
RUN-0416,149,2223.31,file,PASS,15,4096,,KID-059,PASS,KID-059,PASS
RUN-0417,150,2239.59,openweb,PASS,697,132045,321740,KID-060,PASS,KID-060,PASS
RUN-0418,151,2253.60,message,PASS,34,24,,KID-060,PASS,KID-060,PASS
RUN-0419,152,2268.27,file,PASS,31,4096,,KID-060,PASS,KID-060,PASS
RUN-0420,153,2283.99,openweb,PASS,682,132045,321740,KID-060,PASS,KID-060,PASS
RUN-0421,154,2298.26,message,PASS,53,24,,KID-061,PASS,KID-061,PASS
RUN-0422,155,2313.34,file,PASS,15,4096,,KID-061,PASS,KID-061,PASS
RUN-0423,156,2329.60,openweb,PASS,812,132045,321740,KID-061,PASS,KID-061,PASS
RUN-0424,157,2343.40,message,PASS,37,24,,KID-061,PASS,KID-061,PASS
RUN-0425,158,2359.13,file,PASS,25,4096,,KID-062,PASS,KID-062,PASS
RUN-0426,159,2374.32,openweb,PASS,750,132045,321740,KID-062,PASS,KID-062,PASS
RUN-0427,160,2388.34,message,PASS,35,24,,KID-062,PASS,KID-062,PASS
RUN-0428,161,2403.53,file,PASS,15,4096,,KID-062,PASS,KID-062,PASS
RUN-0429,162,2419.26,openweb,PASS,1017,132045,321740,KID-062,PASS,KID-062,PASS
RUN-0430,163,2433.59,message,PASS,37,24,,KID-063,PASS,KID-063,PASS
RUN-0431,164,2450.67,file,PASS,16,4096,,KID-063,PASS,KID-063,PASS
RUN-0432,165,2464.33,openweb,PASS,850,132045,321740,KID-063,PASS,KID-063,PASS
RUN-0433,166,2478.68,message,PASS,33,24,,KID-064,PASS,KID-064,PASS
RUN-0434,167,2493.33,file,PASS,32,4096,,KID-064,PASS,KID-064,PASS
RUN-0435,168,2509.17,openweb,PASS,757,132045,321740,KID-064,PASS,KID-064,PASS
RUN-0436,169,2523.24,message,PASS,53,24,,KID-064,PASS,KID-064,PASS
RUN-0437,170,2538.44,file,PASS,15,4096,,KID-064,PASS,KID-064,PASS
RUN-0438,171,2554.53,openweb,PASS,749,132045,321740,KID-065,PASS,KID-065,PASS
RUN-0439,172,2568.52,message,PASS,52,24,,KID-065,PASS,KID-065,PASS
RUN-0440,173,2583.47,file,PASS,15,4096,,KID-065,PASS,KID-065,PASS
RUN-0441,174,2599.31,openweb,PASS,904,132045,321740,KID-065,PASS,KID-065,PASS
RUN-0442,175,2613.90,message,PASS,37,24,,KID-066,PASS,KID-066,PASS
RUN-0443,176,2628.65,file,PASS,29,4096,,KID-066,PASS,KID-066,PASS
RUN-0444,177,2644.38,openweb,PASS,940,132045,321740,KID-066,PASS,KID-066,PASS
RUN-0445,178,2658.45,message,PASS,37,24,,KID-066,PASS,KID-066,PASS
RUN-0446,179,2673.28,file,PASS,15,4096,,KID-067,PASS,KID-067,PASS
RUN-0447,180,2689.25,openweb,PASS,847,132045,321740,KID-067,PASS,KID-067,PASS
RUN-0448,181,2703.44,message,PASS,51,24,,KID-067,PASS,KID-067,PASS
RUN-0449,182,2718.39,file,PASS,31,4096,,KID-067,PASS,KID-067,PASS
RUN-0450,183,2734.33,openweb,PASS,878,132045,321740,KID-068,PASS,KID-068,PASS
RUN-0451,184,2748.48,message,PASS,37,24,,KID-068,PASS,KID-068,PASS
RUN-0452,185,2763.35,file,PASS,13,4096,,KID-068,PASS,KID-068,PASS
RUN-0453,186,2778.90,openweb,PASS,566,132045,321740,KID-068,PASS,KID-068,PASS
RUN-0454,187,2793.58,message,PASS,40,24,,KID-069,PASS,KID-069,PASS
RUN-0455,188,2808.28,file,PASS,31,4096,,KID-069,PASS,KID-069,PASS
RUN-0456,189,2824.28,openweb,PASS,1026,132045,321740,KID-069,PASS,KID-069,PASS
RUN-0457,190,2838.70,message,PASS,53,24,,KID-069,PASS,KID-069,PASS
RUN-0458,191,2853.53,file,PASS,15,4096,,KID-070,PASS,KID-070,PASS
RUN-0459,192,2869.24,openweb,PASS,782,132045,321740,KID-070,PASS,KID-070,PASS
RUN-0460,193,2883.44,message,PASS,37,24,,KID-070,PASS,KID-070,PASS
RUN-0461,194,2898.46,file,PASS,13,4096,,KID-070,PASS,KID-070,PASS
RUN-0462,195,2914.40,openweb,PASS,770,132045,321740,KID-071,PASS,KID-071,PASS
RUN-0463,196,2928.42,message,PASS,34,24,,KID-071,PASS,KID-071,PASS
RUN-0464,197,2943.16,file,PASS,23,4096,,KID-071,PASS,KID-071,PASS
RUN-0465,198,2959.25,openweb,PASS,722,132045,321740,KID-071,PASS,KID-071,PASS
RUN-0466,199,2973.51,message,PASS,37,24,,KID-072,PASS,KID-072,PASS
RUN-0467,200,2988.25,file,PASS,15,4096,,KID-072,PASS,KID-072,PASS
RUN-0468,201,3004.34,openweb,PASS,855,132045,321740,KID-072,PASS,KID-072,PASS
RUN-0469,202,3018.50,message,PASS,36,24,,KID-072,PASS,KID-072,PASS
RUN-0470,203,3033.20,file,PASS,13,4096,,KID-073,PASS,KID-073,PASS
RUN-0471,204,3049.43,openweb,PASS,797,132045,321740,KID-073,PASS,KID-073,PASS
RUN-0472,205,3063.18,message,PASS,35,24,,KID-073,PASS,KID-073,PASS
RUN-0473,206,3078.28,file,PASS,15,4096,,KID-073,PASS,KID-073,PASS
RUN-0474,207,3094.52,openweb,PASS,1054,132045,321740,KID-073,PASS,KID-073,PASS
RUN-0475,208,3108.66,message,PASS,52,24,,KID-074,PASS,KID-074,PASS
RUN-0476,209,3123.55,file,PASS,27,4096,,KID-074,PASS,KID-074,PASS
RUN-0477,210,3139.75,openweb,PASS,969,132045,321740,KID-074,PASS,KID-074,PASS
RUN-0478,211,3153.42,message,PASS,37,24,,KID-075,PASS,KID-075,PASS
RUN-0479,212,3168.44,file,PASS,17,4096,,KID-075,PASS,KID-075,PASS
RUN-0480,213,3184.19,openweb,PASS,860,132045,321740,KID-075,PASS,KID-075,PASS
RUN-0481,214,3198.48,message,PASS,37,24,,KID-075,PASS,KID-075,PASS
RUN-0482,215,3213.54,file,PASS,16,4096,,KID-075,PASS,KID-075,PASS
RUN-0483,216,3229.27,openweb,PASS,734,132045,321740,KID-076,PASS,KID-076,PASS
RUN-0484,217,3243.44,message,PASS,37,24,,KID-076,PASS,KID-076,PASS
RUN-0485,218,3258.74,file,PASS,28,4096,,KID-076,PASS,KID-076,PASS
RUN-0486,219,3274.47,openweb,PASS,829,132045,321740,KID-076,PASS,KID-076,PASS
RUN-0487,220,3288.49,message,PASS,36,24,,KID-077,PASS,KID-077,PASS
RUN-0488,221,3303.70,file,PASS,25,4096,,KID-077,PASS,KID-077,PASS
RUN-0489,222,3319.43,openweb,PASS,819,132045,321740,KID-077,PASS,KID-077,PASS
RUN-0490,223,3333.59,message,PASS,36,24,,KID-077,PASS,KID-077,PASS
RUN-0491,224,3348.46,file,PASS,27,4096,,KID-078,PASS,KID-078,PASS
RUN-0492,225,3365.77,openweb,PASS,769,132045,321740,KID-078,PASS,KID-078,PASS
RUN-0493,226,3378.34,message,PASS,50,24,,KID-078,PASS,KID-078,PASS
RUN-0494,227,3393.52,file,PASS,15,4096,,KID-078,PASS,KID-078,PASS
RUN-0495,228,3409.22,openweb,PASS,783,132045,321740,KID-079,PASS,KID-079,PASS
RUN-0496,229,3423.26,message,PASS,37,24,,KID-079,PASS,KID-079,PASS
RUN-0497,230,3438.09,file,PASS,11,4096,,KID-079,PASS,KID-079,PASS
RUN-0498,231,3454.18,openweb,PASS,791,132045,321740,KID-079,PASS,KID-079,PASS
RUN-0499,232,3468.48,message,PASS,52,24,,KID-080,PASS,KID-080,PASS
RUN-0500,233,3483.69,file,PASS,31,4096,,KID-080,PASS,KID-080,PASS
RUN-0501,234,3499.29,openweb,PASS,832,132045,321740,KID-080,PASS,KID-080,PASS
RUN-0502,235,3514.39,message,PASS,37,24,,KID-080,PASS,KID-080,PASS
RUN-0503,236,3528.27,file,PASS,15,4096,,KID-081,PASS,KID-081,PASS
RUN-0504,237,3544.34,openweb,PASS,785,132045,321740,KID-081,PASS,KID-081,PASS
RUN-0505,238,3558.53,message,PASS,37,24,,KID-081,PASS,KID-081,PASS
RUN-0506,239,3573.81,file,PASS,31,4096,,KID-081,PASS,KID-081,PASS
RUN-0507,240,3589.22,openweb,PASS,796,132045,321740,KID-082,PASS,KID-081,PASS
