case,trial,action_id,expected_accept,accepted_by_response,response_bytes,frame_bytes,send_error_present,transport_key_id,bob_qgp_result,bob_qgp_reason,appserver_b_plaintexts_for_attack_send,app_plaintext_policy_ok,trial_result
honest_baseline,1,ACT-000280,True,True,8019,7761,False,KID-015,PASS,ML-DSA signature verified,1,True,PASS
honest_baseline,2,ACT-000281,True,True,8019,7761,False,KID-015,PASS,ML-DSA signature verified,1,True,PASS
honest_baseline,3,ACT-000282,True,True,8019,7761,False,KID-015,PASS,ML-DSA signature verified,1,True,PASS
honest_baseline,4,ACT-000283,True,True,8019,7761,False,KID-015,PASS,ML-DSA signature verified,1,True,PASS
honest_baseline,5,ACT-000284,True,True,8019,7761,False,KID-015,PASS,ML-DSA signature verified,1,True,PASS
honest_baseline,6,ACT-000285,True,True,8019,7761,False,KID-015,PASS,ML-DSA signature verified,1,True,PASS
honest_baseline,7,ACT-000286,True,True,8019,7761,False,KID-015,PASS,ML-DSA signature verified,1,True,PASS
honest_baseline,8,ACT-000287,True,True,8019,7761,False,KID-015,PASS,ML-DSA signature verified,1,True,PASS
honest_baseline,9,ACT-000288,True,True,8019,7761,False,KID-015,PASS,ML-DSA signature verified,1,True,PASS
honest_baseline,10,ACT-000289,True,True,8021,7764,False,KID-015,PASS,ML-DSA signature verified,1,True,PASS
honest_baseline,11,ACT-000290,True,True,8021,7764,False,KID-015,PASS,ML-DSA signature verified,1,True,PASS
honest_baseline,12,ACT-000291,True,True,8021,7764,False,KID-015,PASS,ML-DSA signature verified,1,True,PASS
honest_baseline,13,ACT-000292,True,True,8021,7764,False,KID-015,PASS,ML-DSA signature verified,1,True,PASS
honest_baseline,14,ACT-000293,True,True,8021,7764,False,KID-015,PASS,ML-DSA signature verified,1,True,PASS
honest_baseline,15,ACT-000294,True,True,8021,7764,False,KID-015,PASS,ML-DSA signature verified,1,True,PASS
honest_baseline,16,ACT-000295,True,True,8021,7764,False,KID-015,PASS,ML-DSA signature verified,1,True,PASS
honest_baseline,17,ACT-000296,True,True,7240,7764,False,KID-015,PASS,ML-DSA signature verified,1,True,PASS
honest_baseline,18,ACT-000297,True,True,8021,7764,False,KID-015,PASS,ML-DSA signature verified,1,True,PASS
honest_baseline,19,ACT-000298,True,True,8021,7764,False,KID-015,PASS,ML-DSA signature verified,1,True,PASS
honest_baseline,20,ACT-000299,True,True,8021,7764,False,KID-015,PASS,ML-DSA signature verified,1,True,PASS
honest_baseline,21,ACT-000300,True,True,8021,7764,False,KID-015,PASS,ML-DSA signature verified,1,True,PASS
honest_baseline,22,ACT-000301,True,True,8021,7764,False,KID-015,PASS,ML-DSA signature verified,1,True,PASS
honest_baseline,23,ACT-000302,True,True,8021,7764,False,KID-015,PASS,ML-DSA signature verified,1,True,PASS
honest_baseline,24,ACT-000303,True,True,8021,7764,False,KID-015,PASS,ML-DSA signature verified,1,True,PASS
honest_baseline,25,ACT-000304,True,True,8021,7764,False,KID-015,PASS,ML-DSA signature verified,1,True,PASS
honest_baseline,26,ACT-000305,True,True,8021,7764,False,KID-015,PASS,ML-DSA signature verified,1,True,PASS
honest_baseline,27,ACT-000306,True,True,8021,7764,False,KID-015,PASS,ML-DSA signature verified,1,True,PASS
honest_baseline,28,ACT-000307,True,True,8021,7764,False,KID-015,PASS,ML-DSA signature verified,1,True,PASS
honest_baseline,29,ACT-000308,True,True,8021,7764,False,KID-015,PASS,ML-DSA signature verified,1,True,PASS
honest_baseline,30,ACT-000309,True,True,8021,7764,False,KID-015,PASS,ML-DSA signature verified,1,True,PASS
payload_flip,1,ACT-000310,False,False,0,7750,False,KID-015,FAIL,payload sha256 mismatch,0,True,PASS
payload_flip,2,ACT-000311,False,False,0,7750,False,KID-015,FAIL,payload sha256 mismatch,0,True,PASS
payload_flip,3,ACT-000312,False,False,0,7750,False,KID-015,FAIL,payload sha256 mismatch,0,True,PASS
payload_flip,4,ACT-000313,False,False,0,7750,False,KID-015,FAIL,payload sha256 mismatch,0,True,PASS
payload_flip,5,ACT-000314,False,False,0,7750,False,KID-015,FAIL,payload sha256 mismatch,0,True,PASS
payload_flip,6,ACT-000315,False,False,0,7750,False,KID-015,FAIL,payload sha256 mismatch,0,True,PASS
payload_flip,7,ACT-000316,False,False,0,7750,False,KID-015,FAIL,payload sha256 mismatch,0,True,PASS
payload_flip,8,ACT-000317,False,False,0,7750,False,KID-015,FAIL,payload sha256 mismatch,0,True,PASS
payload_flip,9,ACT-000318,False,False,0,7750,False,KID-015,FAIL,payload sha256 mismatch,0,True,PASS
payload_flip,10,ACT-000319,False,False,0,7752,False,KID-015,FAIL,payload sha256 mismatch,0,True,PASS
payload_flip,11,ACT-000320,False,False,0,7752,False,KID-015,FAIL,payload sha256 mismatch,0,True,PASS
payload_flip,12,ACT-000321,False,False,0,7752,False,KID-015,FAIL,payload sha256 mismatch,0,True,PASS
payload_flip,13,ACT-000322,False,False,0,7752,False,KID-015,FAIL,payload sha256 mismatch,0,True,PASS
payload_flip,14,ACT-000323,False,False,0,7752,False,KID-015,FAIL,payload sha256 mismatch,0,True,PASS
payload_flip,15,ACT-000324,False,False,0,7752,False,KID-015,FAIL,payload sha256 mismatch,0,True,PASS
payload_flip,16,ACT-000325,False,False,0,7752,False,KID-015,FAIL,payload sha256 mismatch,0,True,PASS
payload_flip,17,ACT-000326,False,False,0,7752,False,KID-015,FAIL,payload sha256 mismatch,0,True,PASS
payload_flip,18,ACT-000327,False,False,0,7752,False,KID-015,FAIL,payload sha256 mismatch,0,True,PASS
payload_flip,19,ACT-000328,False,False,0,7752,False,KID-015,FAIL,payload sha256 mismatch,0,True,PASS
payload_flip,20,ACT-000329,False,False,0,7752,False,KID-015,FAIL,payload sha256 mismatch,0,True,PASS
payload_flip,21,ACT-000330,False,False,0,7752,False,KID-015,FAIL,payload sha256 mismatch,0,True,PASS
payload_flip,22,ACT-000331,False,False,0,7752,False,KID-015,FAIL,payload sha256 mismatch,0,True,PASS
payload_flip,23,ACT-000332,False,False,0,7752,False,KID-015,FAIL,payload sha256 mismatch,0,True,PASS
payload_flip,24,ACT-000333,False,False,0,7752,False,KID-015,FAIL,payload sha256 mismatch,0,True,PASS
payload_flip,25,ACT-000334,False,False,0,7752,False,KID-015,FAIL,payload sha256 mismatch,0,True,PASS
payload_flip,26,ACT-000335,False,False,0,7752,False,KID-015,FAIL,payload sha256 mismatch,0,True,PASS
payload_flip,27,ACT-000336,False,False,0,7752,False,KID-015,FAIL,payload sha256 mismatch,0,True,PASS
payload_flip,28,ACT-000337,False,False,0,7752,False,KID-015,FAIL,payload sha256 mismatch,0,True,PASS
payload_flip,29,ACT-000338,False,False,0,7752,False,KID-015,FAIL,payload sha256 mismatch,0,True,PASS
payload_flip,30,ACT-000339,False,False,0,7752,False,KID-015,FAIL,payload sha256 mismatch,0,True,PASS
traffic_type_mutation,1,ACT-000340,False,False,0,7783,False,KID-015,FAIL,ML-DSA signature mismatch,0,True,PASS
traffic_type_mutation,2,ACT-000341,False,False,0,7783,False,KID-015,FAIL,ML-DSA signature mismatch,0,True,PASS
traffic_type_mutation,3,ACT-000342,False,False,0,7783,False,KID-015,FAIL,ML-DSA signature mismatch,0,True,PASS
traffic_type_mutation,4,ACT-000343,False,False,0,7783,False,KID-015,FAIL,ML-DSA signature mismatch,0,True,PASS
traffic_type_mutation,5,ACT-000344,False,False,0,7783,False,KID-015,FAIL,ML-DSA signature mismatch,0,True,PASS
traffic_type_mutation,6,ACT-000345,False,False,0,7783,False,KID-015,FAIL,ML-DSA signature mismatch,0,True,PASS
traffic_type_mutation,7,ACT-000346,False,False,0,7783,False,KID-015,FAIL,ML-DSA signature mismatch,0,True,PASS
traffic_type_mutation,8,ACT-000347,False,False,0,7783,False,KID-015,FAIL,ML-DSA signature mismatch,0,True,PASS
traffic_type_mutation,9,ACT-000348,False,False,0,7783,False,KID-015,FAIL,ML-DSA signature mismatch,0,True,PASS
traffic_type_mutation,10,ACT-000349,False,False,0,7785,False,KID-015,FAIL,ML-DSA signature mismatch,0,True,PASS
traffic_type_mutation,11,ACT-000350,False,False,0,7785,False,KID-015,FAIL,ML-DSA signature mismatch,0,True,PASS
traffic_type_mutation,12,ACT-000351,False,False,0,7785,False,KID-015,FAIL,ML-DSA signature mismatch,0,True,PASS
traffic_type_mutation,13,ACT-000352,False,False,0,7785,False,KID-015,FAIL,ML-DSA signature mismatch,0,True,PASS
traffic_type_mutation,14,ACT-000353,False,False,0,7785,False,KID-015,FAIL,ML-DSA signature mismatch,0,True,PASS
traffic_type_mutation,15,ACT-000354,False,False,0,7785,False,KID-015,FAIL,ML-DSA signature mismatch,0,True,PASS
traffic_type_mutation,16,ACT-000355,False,False,0,7785,False,KID-015,FAIL,ML-DSA signature mismatch,0,True,PASS
traffic_type_mutation,17,ACT-000356,False,False,0,7785,False,KID-015,FAIL,ML-DSA signature mismatch,0,True,PASS
traffic_type_mutation,18,ACT-000357,False,False,0,7785,False,KID-015,FAIL,ML-DSA signature mismatch,0,True,PASS
traffic_type_mutation,19,ACT-000358,False,False,0,7785,False,KID-015,FAIL,ML-DSA signature mismatch,0,True,PASS
traffic_type_mutation,20,ACT-000359,False,False,0,7785,False,KID-015,FAIL,ML-DSA signature mismatch,0,True,PASS
traffic_type_mutation,21,ACT-000360,False,False,0,7785,False,KID-015,FAIL,ML-DSA signature mismatch,0,True,PASS
traffic_type_mutation,22,ACT-000361,False,False,0,7785,False,KID-015,FAIL,ML-DSA signature mismatch,0,True,PASS
traffic_type_mutation,23,ACT-000362,False,False,0,7785,False,KID-015,FAIL,ML-DSA signature mismatch,0,True,PASS
traffic_type_mutation,24,ACT-000363,False,False,0,7785,False,KID-015,FAIL,ML-DSA signature mismatch,0,True,PASS
traffic_type_mutation,25,ACT-000364,False,False,0,7785,False,KID-015,FAIL,ML-DSA signature mismatch,0,True,PASS
traffic_type_mutation,26,ACT-000365,False,False,0,7785,False,KID-015,FAIL,ML-DSA signature mismatch,0,True,PASS
traffic_type_mutation,27,ACT-000366,False,False,0,7785,False,KID-015,FAIL,ML-DSA signature mismatch,0,True,PASS
traffic_type_mutation,28,ACT-000367,False,False,0,7785,False,KID-015,FAIL,ML-DSA signature mismatch,0,True,PASS
traffic_type_mutation,29,ACT-000368,False,False,0,7785,False,KID-015,FAIL,ML-DSA signature mismatch,0,True,PASS
traffic_type_mutation,30,ACT-000369,False,False,0,7785,False,KID-015,FAIL,ML-DSA signature mismatch,0,True,PASS
payload_bytes_mutation,1,ACT-000370,False,False,0,7790,False,KID-015,FAIL,payload byte count mismatch,0,True,PASS
payload_bytes_mutation,2,ACT-000371,False,False,0,7790,False,KID-015,FAIL,payload byte count mismatch,0,True,PASS
payload_bytes_mutation,3,ACT-000372,False,False,0,7790,False,KID-015,FAIL,payload byte count mismatch,0,True,PASS
payload_bytes_mutation,4,ACT-000373,False,False,0,7790,False,KID-015,FAIL,payload byte count mismatch,0,True,PASS
payload_bytes_mutation,5,ACT-000374,False,False,0,7790,False,KID-015,FAIL,payload byte count mismatch,0,True,PASS
payload_bytes_mutation,6,ACT-000375,False,False,0,7790,False,KID-015,FAIL,payload byte count mismatch,0,True,PASS
payload_bytes_mutation,7,ACT-000376,False,False,0,7790,False,KID-015,FAIL,payload byte count mismatch,0,True,PASS
payload_bytes_mutation,8,ACT-000377,False,False,0,7790,False,KID-015,FAIL,payload byte count mismatch,0,True,PASS
payload_bytes_mutation,9,ACT-000378,False,False,0,7790,False,KID-015,FAIL,payload byte count mismatch,0,True,PASS
payload_bytes_mutation,10,ACT-000379,False,False,0,7793,False,KID-015,FAIL,payload byte count mismatch,0,True,PASS
payload_bytes_mutation,11,ACT-000380,False,False,0,7793,False,KID-015,FAIL,payload byte count mismatch,0,True,PASS
payload_bytes_mutation,12,ACT-000381,False,False,0,7793,False,KID-015,FAIL,payload byte count mismatch,0,True,PASS
payload_bytes_mutation,13,ACT-000382,False,False,0,7793,False,KID-015,FAIL,payload byte count mismatch,0,True,PASS
payload_bytes_mutation,14,ACT-000383,False,False,0,7793,False,KID-015,FAIL,payload byte count mismatch,0,True,PASS
payload_bytes_mutation,15,ACT-000384,False,False,0,7793,False,KID-015,FAIL,payload byte count mismatch,0,True,PASS
payload_bytes_mutation,16,ACT-000385,False,False,0,7793,False,KID-015,FAIL,payload byte count mismatch,0,True,PASS
payload_bytes_mutation,17,ACT-000386,False,False,0,7793,False,KID-015,FAIL,payload byte count mismatch,0,True,PASS
payload_bytes_mutation,18,ACT-000387,False,False,0,7793,False,KID-015,FAIL,payload byte count mismatch,0,True,PASS
payload_bytes_mutation,19,ACT-000388,False,False,0,7793,False,KID-015,FAIL,payload byte count mismatch,0,True,PASS
payload_bytes_mutation,20,ACT-000389,False,False,0,7793,False,KID-015,FAIL,payload byte count mismatch,0,True,PASS
payload_bytes_mutation,21,ACT-000390,False,False,0,7793,False,KID-015,FAIL,payload byte count mismatch,0,True,PASS
payload_bytes_mutation,22,ACT-000391,False,False,0,7793,False,KID-015,FAIL,payload byte count mismatch,0,True,PASS
payload_bytes_mutation,23,ACT-000392,False,False,0,7793,False,KID-015,FAIL,payload byte count mismatch,0,True,PASS
payload_bytes_mutation,24,ACT-000393,False,False,0,7793,False,KID-015,FAIL,payload byte count mismatch,0,True,PASS
payload_bytes_mutation,25,ACT-000394,False,False,0,7793,False,KID-015,FAIL,payload byte count mismatch,0,True,PASS
payload_bytes_mutation,26,ACT-000395,False,False,0,7793,False,KID-015,FAIL,payload byte count mismatch,0,True,PASS
payload_bytes_mutation,27,ACT-000396,False,False,0,7793,False,KID-015,FAIL,payload byte count mismatch,0,True,PASS
payload_bytes_mutation,28,ACT-000397,False,False,0,7793,False,KID-015,FAIL,payload byte count mismatch,0,True,PASS
payload_bytes_mutation,29,ACT-000398,False,False,0,7793,False,KID-015,FAIL,payload byte count mismatch,0,True,PASS
payload_bytes_mutation,30,ACT-000399,False,False,0,7793,False,KID-015,FAIL,payload byte count mismatch,0,True,PASS
nonce_replay,1,ACT-000400,False,False,0,7751,False,KID-015,FAIL,nonce replay detected,0,True,PASS
nonce_replay,2,ACT-000401,False,False,0,7751,False,KID-015,FAIL,nonce replay detected,0,True,PASS
nonce_replay,3,ACT-000402,False,False,0,7751,False,KID-015,FAIL,nonce replay detected,0,True,PASS
nonce_replay,4,ACT-000403,False,False,0,7751,False,KID-015,FAIL,nonce replay detected,0,True,PASS
nonce_replay,5,ACT-000404,False,False,0,7751,False,KID-015,FAIL,nonce replay detected,0,True,PASS
nonce_replay,6,ACT-000405,False,False,0,7751,False,KID-015,FAIL,nonce replay detected,0,True,PASS
nonce_replay,7,ACT-000406,False,False,0,7751,False,KID-015,FAIL,nonce replay detected,0,True,PASS
nonce_replay,8,ACT-000407,False,False,0,7751,False,KID-015,FAIL,nonce replay detected,0,True,PASS
nonce_replay,9,ACT-000408,False,False,0,7751,False,KID-015,FAIL,nonce replay detected,0,True,PASS
nonce_replay,10,ACT-000409,False,False,0,7753,False,KID-015,FAIL,nonce replay detected,0,True,PASS
nonce_replay,11,ACT-000410,False,False,0,7753,False,KID-015,FAIL,nonce replay detected,0,True,PASS
nonce_replay,12,ACT-000411,False,False,0,7753,False,KID-015,FAIL,nonce replay detected,0,True,PASS
nonce_replay,13,ACT-000412,False,False,0,7753,False,KID-015,FAIL,nonce replay detected,0,True,PASS
nonce_replay,14,ACT-000413,False,False,0,7753,False,KID-015,FAIL,nonce replay detected,0,True,PASS
nonce_replay,15,ACT-000414,False,False,0,7753,False,KID-015,FAIL,nonce replay detected,0,True,PASS
nonce_replay,16,ACT-000415,False,False,0,7753,False,KID-015,FAIL,nonce replay detected,0,True,PASS
nonce_replay,17,ACT-000416,False,False,0,7753,False,KID-015,FAIL,nonce replay detected,0,True,PASS
nonce_replay,18,ACT-000417,False,False,0,7753,False,KID-015,FAIL,nonce replay detected,0,True,PASS
nonce_replay,19,ACT-000418,False,False,0,7753,False,KID-015,FAIL,nonce replay detected,0,True,PASS
nonce_replay,20,ACT-000419,False,False,0,7753,False,KID-015,FAIL,nonce replay detected,0,True,PASS
nonce_replay,21,ACT-000420,False,False,0,7753,False,KID-015,FAIL,nonce replay detected,0,True,PASS
nonce_replay,22,ACT-000421,False,False,0,7753,False,KID-015,FAIL,nonce replay detected,0,True,PASS
nonce_replay,23,ACT-000422,False,False,0,7753,False,KID-015,FAIL,nonce replay detected,0,True,PASS
nonce_replay,24,ACT-000423,False,False,0,7753,False,KID-015,FAIL,nonce replay detected,0,True,PASS
nonce_replay,25,ACT-000424,False,False,0,7753,False,KID-015,FAIL,nonce replay detected,0,True,PASS
nonce_replay,26,ACT-000425,False,False,0,7753,False,KID-015,FAIL,nonce replay detected,0,True,PASS
nonce_replay,27,ACT-000426,False,False,0,7753,False,KID-015,FAIL,nonce replay detected,0,True,PASS
nonce_replay,28,ACT-000427,False,False,0,7753,False,KID-015,FAIL,nonce replay detected,0,True,PASS
nonce_replay,29,ACT-000428,False,False,0,7753,False,KID-015,FAIL,nonce replay detected,0,True,PASS
nonce_replay,30,ACT-000429,False,False,0,7753,False,KID-015,FAIL,nonce replay detected,0,True,PASS
timestamp_shift,1,ACT-000430,False,False,0,7763,False,KID-015,FAIL,timestamp outside 300s window,0,True,PASS
timestamp_shift,2,ACT-000431,False,False,0,7763,False,KID-015,FAIL,timestamp outside 300s window,0,True,PASS
timestamp_shift,3,ACT-000432,False,False,0,7763,False,KID-015,FAIL,timestamp outside 300s window,0,True,PASS
timestamp_shift,4,ACT-000433,False,False,0,7763,False,KID-015,FAIL,timestamp outside 300s window,0,True,PASS
timestamp_shift,5,ACT-000434,False,False,0,7763,False,KID-015,FAIL,timestamp outside 300s window,0,True,PASS
timestamp_shift,6,ACT-000435,False,False,0,7763,False,KID-015,FAIL,timestamp outside 300s window,0,True,PASS
timestamp_shift,7,ACT-000436,False,False,0,7763,False,KID-015,FAIL,timestamp outside 300s window,0,True,PASS
timestamp_shift,8,ACT-000437,False,False,0,7763,False,KID-015,FAIL,timestamp outside 300s window,0,True,PASS
timestamp_shift,9,ACT-000438,False,False,0,7763,False,KID-015,FAIL,timestamp outside 300s window,0,True,PASS
timestamp_shift,10,ACT-000439,False,False,0,7765,False,KID-015,FAIL,timestamp outside 300s window,0,True,PASS
timestamp_shift,11,ACT-000440,False,False,0,7765,False,KID-015,FAIL,timestamp outside 300s window,0,True,PASS
timestamp_shift,12,ACT-000441,False,False,0,7765,False,KID-015,FAIL,timestamp outside 300s window,0,True,PASS
timestamp_shift,13,ACT-000442,False,False,0,7765,False,KID-015,FAIL,timestamp outside 300s window,0,True,PASS
timestamp_shift,14,ACT-000443,False,False,0,7765,False,KID-015,FAIL,timestamp outside 300s window,0,True,PASS
timestamp_shift,15,ACT-000444,False,False,0,7765,False,KID-015,FAIL,timestamp outside 300s window,0,True,PASS
timestamp_shift,16,ACT-000445,False,False,0,7765,False,KID-015,FAIL,timestamp outside 300s window,0,True,PASS
timestamp_shift,17,ACT-000446,False,False,0,7765,False,KID-015,FAIL,timestamp outside 300s window,0,True,PASS
timestamp_shift,18,ACT-000447,False,False,0,7765,False,KID-015,FAIL,timestamp outside 300s window,0,True,PASS
timestamp_shift,19,ACT-000448,False,False,0,7765,False,KID-015,FAIL,timestamp outside 300s window,0,True,PASS
timestamp_shift,20,ACT-000449,False,False,0,7765,False,KID-015,FAIL,timestamp outside 300s window,0,True,PASS
timestamp_shift,21,ACT-000450,False,False,0,7765,False,KID-015,FAIL,timestamp outside 300s window,0,True,PASS
timestamp_shift,22,ACT-000451,False,False,0,7765,False,KID-015,FAIL,timestamp outside 300s window,0,True,PASS
timestamp_shift,23,ACT-000452,False,False,0,7765,False,KID-015,FAIL,timestamp outside 300s window,0,True,PASS
timestamp_shift,24,ACT-000453,False,False,0,7765,False,KID-015,FAIL,timestamp outside 300s window,0,True,PASS
timestamp_shift,25,ACT-000454,False,False,0,7765,False,KID-015,FAIL,timestamp outside 300s window,0,True,PASS
timestamp_shift,26,ACT-000455,False,False,0,7765,False,KID-015,FAIL,timestamp outside 300s window,0,True,PASS
timestamp_shift,27,ACT-000456,False,False,0,7765,False,KID-015,FAIL,timestamp outside 300s window,0,True,PASS
timestamp_shift,28,ACT-000457,False,False,0,7765,False,KID-015,FAIL,timestamp outside 300s window,0,True,PASS
timestamp_shift,29,ACT-000458,False,False,0,7765,False,KID-015,FAIL,timestamp outside 300s window,0,True,PASS
timestamp_shift,30,ACT-000459,False,False,0,7765,False,KID-015,FAIL,timestamp outside 300s window,0,True,PASS
truncation,1,ACT-000460,False,False,0,7733,False,KID-015,FAIL,payload byte count mismatch,0,True,PASS
truncation,2,ACT-000461,False,False,0,7733,False,KID-015,FAIL,payload byte count mismatch,0,True,PASS
truncation,3,ACT-000462,False,False,0,7733,False,KID-015,FAIL,payload byte count mismatch,0,True,PASS
truncation,4,ACT-000463,False,False,0,7733,False,KID-015,FAIL,payload byte count mismatch,0,True,PASS
truncation,5,ACT-000464,False,False,0,7733,False,KID-015,FAIL,payload byte count mismatch,0,True,PASS
truncation,6,ACT-000465,False,False,0,7733,False,KID-015,FAIL,payload byte count mismatch,0,True,PASS
truncation,7,ACT-000466,False,False,0,7733,False,KID-015,FAIL,payload byte count mismatch,0,True,PASS
truncation,8,ACT-000467,False,False,0,7733,False,KID-015,FAIL,payload byte count mismatch,0,True,PASS
truncation,9,ACT-000468,False,False,0,7733,False,KID-015,FAIL,payload byte count mismatch,0,True,PASS
truncation,10,ACT-000469,False,False,0,7735,False,KID-015,FAIL,payload byte count mismatch,0,True,PASS
truncation,11,ACT-000470,False,False,0,7735,False,KID-015,FAIL,payload byte count mismatch,0,True,PASS
truncation,12,ACT-000471,False,False,0,7735,False,KID-015,FAIL,payload byte count mismatch,0,True,PASS
truncation,13,ACT-000472,False,False,0,7735,False,KID-015,FAIL,payload byte count mismatch,0,True,PASS
truncation,14,ACT-000473,False,False,0,7735,False,KID-015,FAIL,payload byte count mismatch,0,True,PASS
truncation,15,ACT-000474,False,False,0,7735,False,KID-015,FAIL,payload byte count mismatch,0,True,PASS
truncation,16,ACT-000475,False,False,0,7735,False,KID-015,FAIL,payload byte count mismatch,0,True,PASS
truncation,17,ACT-000476,False,False,0,7735,False,KID-015,FAIL,payload byte count mismatch,0,True,PASS
truncation,18,ACT-000477,False,False,0,7735,False,KID-015,FAIL,payload byte count mismatch,0,True,PASS
truncation,19,ACT-000478,False,False,0,7735,False,KID-015,FAIL,payload byte count mismatch,0,True,PASS
truncation,20,ACT-000479,False,False,0,7735,False,KID-015,FAIL,payload byte count mismatch,0,True,PASS
truncation,21,ACT-000480,False,False,0,7735,False,KID-015,FAIL,payload byte count mismatch,0,True,PASS
truncation,22,ACT-000481,False,False,0,7735,False,KID-015,FAIL,payload byte count mismatch,0,True,PASS
truncation,23,ACT-000482,False,False,0,7735,False,KID-015,FAIL,payload byte count mismatch,0,True,PASS
truncation,24,ACT-000483,False,False,0,7735,False,KID-015,FAIL,payload byte count mismatch,0,True,PASS
truncation,25,ACT-000484,False,False,0,7735,False,KID-015,FAIL,payload byte count mismatch,0,True,PASS
truncation,26,ACT-000485,False,False,0,7735,False,KID-015,FAIL,payload byte count mismatch,0,True,PASS
truncation,27,ACT-000486,False,False,0,7735,False,KID-015,FAIL,payload byte count mismatch,0,True,PASS
truncation,28,ACT-000487,False,False,0,7735,False,KID-015,FAIL,payload byte count mismatch,0,True,PASS
truncation,29,ACT-000488,False,False,0,7735,False,KID-015,FAIL,payload byte count mismatch,0,True,PASS
truncation,30,ACT-000489,False,False,0,7735,False,KID-015,FAIL,payload byte count mismatch,0,True,PASS
raw_no_qgp,1,ACT-000490,False,False,0,162,False,KID-015,NONE,not_qgp,0,True,PASS
raw_no_qgp,2,ACT-000491,False,False,0,162,False,KID-015,NONE,not_qgp,0,True,PASS
raw_no_qgp,3,ACT-000492,False,False,0,162,False,KID-015,NONE,not_qgp,0,True,PASS
raw_no_qgp,4,ACT-000493,False,False,0,162,False,KID-015,NONE,not_qgp,0,True,PASS
raw_no_qgp,5,ACT-000494,False,False,0,162,False,KID-015,NONE,not_qgp,0,True,PASS
raw_no_qgp,6,ACT-000495,False,False,0,162,False,KID-015,NONE,not_qgp,0,True,PASS
raw_no_qgp,7,ACT-000496,False,False,0,162,False,KID-015,NONE,not_qgp,0,True,PASS
raw_no_qgp,8,ACT-000497,False,False,0,162,False,KID-015,NONE,not_qgp,0,True,PASS
raw_no_qgp,9,ACT-000498,False,False,0,162,False,KID-015,NONE,not_qgp,0,True,PASS
raw_no_qgp,10,ACT-000499,False,False,0,162,False,KID-016,NONE,not_qgp,0,True,PASS
raw_no_qgp,11,ACT-000500,False,False,0,162,False,KID-016,NONE,not_qgp,0,True,PASS
raw_no_qgp,12,ACT-000501,False,False,0,162,False,KID-016,NONE,not_qgp,0,True,PASS
raw_no_qgp,13,ACT-000502,False,False,0,162,False,KID-016,NONE,not_qgp,0,True,PASS
raw_no_qgp,14,ACT-000503,False,False,0,162,False,KID-016,NONE,not_qgp,0,True,PASS
raw_no_qgp,15,ACT-000504,False,False,0,162,False,KID-016,NONE,not_qgp,0,True,PASS
raw_no_qgp,16,ACT-000505,False,False,0,162,False,KID-016,NONE,not_qgp,0,True,PASS
raw_no_qgp,17,ACT-000506,False,False,0,162,False,KID-016,NONE,not_qgp,0,True,PASS
raw_no_qgp,18,ACT-000507,False,False,0,162,False,KID-016,NONE,not_qgp,0,True,PASS
raw_no_qgp,19,ACT-000508,False,False,0,162,False,KID-016,NONE,not_qgp,0,True,PASS
raw_no_qgp,20,ACT-000509,False,False,0,162,False,KID-016,NONE,not_qgp,0,True,PASS
raw_no_qgp,21,ACT-000510,False,False,0,162,False,KID-016,NONE,not_qgp,0,True,PASS
raw_no_qgp,22,ACT-000511,False,False,0,162,False,KID-016,NONE,not_qgp,0,True,PASS
raw_no_qgp,23,ACT-000512,False,False,0,162,False,KID-016,NONE,not_qgp,0,True,PASS
raw_no_qgp,24,ACT-000513,False,False,0,162,False,KID-016,NONE,not_qgp,0,True,PASS
raw_no_qgp,25,ACT-000514,False,False,0,162,False,KID-016,NONE,not_qgp,0,True,PASS
raw_no_qgp,26,ACT-000515,False,False,0,162,False,KID-016,NONE,not_qgp,0,True,PASS
raw_no_qgp,27,ACT-000516,False,False,0,162,False,KID-016,NONE,not_qgp,0,True,PASS
raw_no_qgp,28,ACT-000517,False,False,0,162,False,KID-016,NONE,not_qgp,0,True,PASS
raw_no_qgp,29,ACT-000518,False,False,0,162,False,KID-016,NONE,not_qgp,0,True,PASS
raw_no_qgp,30,ACT-000519,False,False,0,162,False,KID-016,NONE,not_qgp,0,True,PASS
unsupported_algorithm,1,ACT-000520,False,False,0,1107,False,KID-016,FAIL,unsupported QGP algorithm: UNSUPPORTED-QGP-ALG,0,True,PASS
unsupported_algorithm,2,ACT-000521,False,False,0,1107,False,KID-016,FAIL,unsupported QGP algorithm: UNSUPPORTED-QGP-ALG,0,True,PASS
unsupported_algorithm,3,ACT-000522,False,False,0,1107,False,KID-016,FAIL,unsupported QGP algorithm: UNSUPPORTED-QGP-ALG,0,True,PASS
unsupported_algorithm,4,ACT-000523,False,False,0,1107,False,KID-016,FAIL,unsupported QGP algorithm: UNSUPPORTED-QGP-ALG,0,True,PASS
unsupported_algorithm,5,ACT-000524,False,False,0,1107,False,KID-016,FAIL,unsupported QGP algorithm: UNSUPPORTED-QGP-ALG,0,True,PASS
unsupported_algorithm,6,ACT-000525,False,False,0,1107,False,KID-016,FAIL,unsupported QGP algorithm: UNSUPPORTED-QGP-ALG,0,True,PASS
unsupported_algorithm,7,ACT-000526,False,False,0,1107,False,KID-016,FAIL,unsupported QGP algorithm: UNSUPPORTED-QGP-ALG,0,True,PASS
unsupported_algorithm,8,ACT-000527,False,False,0,1107,False,KID-016,FAIL,unsupported QGP algorithm: UNSUPPORTED-QGP-ALG,0,True,PASS
unsupported_algorithm,9,ACT-000528,False,False,0,1107,False,KID-016,FAIL,unsupported QGP algorithm: UNSUPPORTED-QGP-ALG,0,True,PASS
unsupported_algorithm,10,ACT-000529,False,False,0,1109,False,KID-016,FAIL,unsupported QGP algorithm: UNSUPPORTED-QGP-ALG,0,True,PASS
unsupported_algorithm,11,ACT-000530,False,False,0,1109,False,KID-016,FAIL,unsupported QGP algorithm: UNSUPPORTED-QGP-ALG,0,True,PASS
unsupported_algorithm,12,ACT-000531,False,False,0,1109,False,KID-016,FAIL,unsupported QGP algorithm: UNSUPPORTED-QGP-ALG,0,True,PASS
unsupported_algorithm,13,ACT-000532,False,False,0,1109,False,KID-016,FAIL,unsupported QGP algorithm: UNSUPPORTED-QGP-ALG,0,True,PASS
unsupported_algorithm,14,ACT-000533,False,False,0,1109,False,KID-016,FAIL,unsupported QGP algorithm: UNSUPPORTED-QGP-ALG,0,True,PASS
unsupported_algorithm,15,ACT-000534,False,False,0,1109,False,KID-016,FAIL,unsupported QGP algorithm: UNSUPPORTED-QGP-ALG,0,True,PASS
unsupported_algorithm,16,ACT-000535,False,False,0,1109,False,KID-016,FAIL,unsupported QGP algorithm: UNSUPPORTED-QGP-ALG,0,True,PASS
unsupported_algorithm,17,ACT-000536,False,False,0,1109,False,KID-016,FAIL,unsupported QGP algorithm: UNSUPPORTED-QGP-ALG,0,True,PASS
unsupported_algorithm,18,ACT-000537,False,False,0,1109,False,KID-016,FAIL,unsupported QGP algorithm: UNSUPPORTED-QGP-ALG,0,True,PASS
unsupported_algorithm,19,ACT-000538,False,False,0,1109,False,KID-016,FAIL,unsupported QGP algorithm: UNSUPPORTED-QGP-ALG,0,True,PASS
unsupported_algorithm,20,ACT-000539,False,False,0,1109,False,KID-016,FAIL,unsupported QGP algorithm: UNSUPPORTED-QGP-ALG,0,True,PASS
unsupported_algorithm,21,ACT-000540,False,False,0,1109,False,KID-016,FAIL,unsupported QGP algorithm: UNSUPPORTED-QGP-ALG,0,True,PASS
unsupported_algorithm,22,ACT-000541,False,False,0,1109,False,KID-016,FAIL,unsupported QGP algorithm: UNSUPPORTED-QGP-ALG,0,True,PASS
unsupported_algorithm,23,ACT-000542,False,False,0,1109,False,KID-016,FAIL,unsupported QGP algorithm: UNSUPPORTED-QGP-ALG,0,True,PASS
unsupported_algorithm,24,ACT-000543,False,False,0,1109,False,KID-016,FAIL,unsupported QGP algorithm: UNSUPPORTED-QGP-ALG,0,True,PASS
unsupported_algorithm,25,ACT-000544,False,False,0,1109,False,KID-016,FAIL,unsupported QGP algorithm: UNSUPPORTED-QGP-ALG,0,True,PASS
unsupported_algorithm,26,ACT-000545,False,False,0,1109,False,KID-016,FAIL,unsupported QGP algorithm: UNSUPPORTED-QGP-ALG,0,True,PASS
unsupported_algorithm,27,ACT-000546,False,False,0,1109,False,KID-016,FAIL,unsupported QGP algorithm: UNSUPPORTED-QGP-ALG,0,True,PASS
unsupported_algorithm,28,ACT-000547,False,False,0,1109,False,KID-016,FAIL,unsupported QGP algorithm: UNSUPPORTED-QGP-ALG,0,True,PASS
unsupported_algorithm,29,ACT-000548,False,False,0,1109,False,KID-016,FAIL,unsupported QGP algorithm: UNSUPPORTED-QGP-ALG,0,True,PASS
unsupported_algorithm,30,ACT-000549,False,False,0,1109,False,KID-016,FAIL,unsupported QGP algorithm: UNSUPPORTED-QGP-ALG,0,True,PASS
signature_flip,1,ACT-000550,False,False,0,7759,False,KID-016,FAIL,ML-DSA signature mismatch,0,True,PASS
signature_flip,2,ACT-000551,False,False,0,7759,False,KID-016,FAIL,ML-DSA signature mismatch,0,True,PASS
signature_flip,3,ACT-000552,False,False,0,7759,False,KID-016,FAIL,ML-DSA signature mismatch,0,True,PASS
signature_flip,4,ACT-000553,False,False,0,7759,False,KID-016,FAIL,ML-DSA signature mismatch,0,True,PASS
signature_flip,5,ACT-000554,False,False,0,7759,False,KID-016,FAIL,ML-DSA signature mismatch,0,True,PASS
signature_flip,6,ACT-000555,False,False,0,7759,False,KID-016,FAIL,ML-DSA signature mismatch,0,True,PASS
signature_flip,7,ACT-000556,False,False,0,7759,False,KID-016,FAIL,ML-DSA signature mismatch,0,True,PASS
signature_flip,8,ACT-000557,False,False,0,7759,False,KID-016,FAIL,ML-DSA signature mismatch,0,True,PASS
signature_flip,9,ACT-000558,False,False,0,7759,False,KID-016,FAIL,ML-DSA signature mismatch,0,True,PASS
signature_flip,10,ACT-000559,False,False,0,7761,False,KID-016,FAIL,ML-DSA signature mismatch,0,True,PASS
signature_flip,11,ACT-000560,False,False,0,7761,False,KID-016,FAIL,ML-DSA signature mismatch,0,True,PASS
signature_flip,12,ACT-000561,False,False,0,7761,False,KID-016,FAIL,ML-DSA signature mismatch,0,True,PASS
signature_flip,13,ACT-000562,False,False,0,7761,False,KID-016,FAIL,ML-DSA signature mismatch,0,True,PASS
signature_flip,14,ACT-000563,False,False,0,7761,False,KID-016,FAIL,ML-DSA signature mismatch,0,True,PASS
signature_flip,15,ACT-000564,False,False,0,7761,False,KID-016,FAIL,ML-DSA signature mismatch,0,True,PASS
signature_flip,16,ACT-000565,False,False,0,7761,False,KID-016,FAIL,ML-DSA signature mismatch,0,True,PASS
signature_flip,17,ACT-000566,False,False,0,7761,False,KID-016,FAIL,ML-DSA signature mismatch,0,True,PASS
signature_flip,18,ACT-000567,False,False,0,7761,False,KID-016,FAIL,ML-DSA signature mismatch,0,True,PASS
signature_flip,19,ACT-000568,False,False,0,7761,False,KID-016,FAIL,ML-DSA signature mismatch,0,True,PASS
signature_flip,20,ACT-000569,False,False,0,7761,False,KID-016,FAIL,ML-DSA signature mismatch,0,True,PASS
signature_flip,21,ACT-000570,False,False,0,7761,False,KID-016,FAIL,ML-DSA signature mismatch,0,True,PASS
signature_flip,22,ACT-000571,False,False,0,7761,False,KID-016,FAIL,ML-DSA signature mismatch,0,True,PASS
signature_flip,23,ACT-000572,False,False,0,7761,False,KID-016,FAIL,ML-DSA signature mismatch,0,True,PASS
signature_flip,24,ACT-000573,False,False,0,7761,False,KID-016,FAIL,ML-DSA signature mismatch,0,True,PASS
signature_flip,25,ACT-000574,False,False,0,7761,False,KID-016,FAIL,ML-DSA signature mismatch,0,True,PASS
signature_flip,26,ACT-000575,False,False,0,7761,False,KID-016,FAIL,ML-DSA signature mismatch,0,True,PASS
signature_flip,27,ACT-000576,False,False,0,7761,False,KID-016,FAIL,ML-DSA signature mismatch,0,True,PASS
signature_flip,28,ACT-000577,False,False,0,7761,False,KID-016,FAIL,ML-DSA signature mismatch,0,True,PASS
signature_flip,29,ACT-000578,False,False,0,7761,False,KID-016,FAIL,ML-DSA signature mismatch,0,True,PASS
signature_flip,30,ACT-000579,False,False,0,7761,False,KID-016,FAIL,ML-DSA signature mismatch,0,True,PASS
forged_signature,1,ACT-000580,False,False,0,7770,False,KID-016,FAIL,ML-DSA signature mismatch,0,True,PASS
forged_signature,2,ACT-000581,False,False,0,7770,False,KID-016,FAIL,ML-DSA signature mismatch,0,True,PASS
forged_signature,3,ACT-000582,False,False,0,7770,False,KID-016,FAIL,ML-DSA signature mismatch,0,True,PASS
forged_signature,4,ACT-000583,False,False,0,7770,False,KID-016,FAIL,ML-DSA signature mismatch,0,True,PASS
forged_signature,5,ACT-000584,False,False,0,7770,False,KID-016,FAIL,ML-DSA signature mismatch,0,True,PASS
forged_signature,6,ACT-000585,False,False,0,7770,False,KID-016,FAIL,ML-DSA signature mismatch,0,True,PASS
forged_signature,7,ACT-000586,False,False,0,7770,False,KID-016,FAIL,ML-DSA signature mismatch,0,True,PASS
forged_signature,8,ACT-000587,False,False,0,7770,False,KID-016,FAIL,ML-DSA signature mismatch,0,True,PASS
forged_signature,9,ACT-000588,False,False,0,7770,False,KID-016,FAIL,ML-DSA signature mismatch,0,True,PASS
forged_signature,10,ACT-000589,False,False,0,7772,False,KID-016,FAIL,ML-DSA signature mismatch,0,True,PASS
forged_signature,11,ACT-000590,False,False,0,7772,False,KID-016,FAIL,ML-DSA signature mismatch,0,True,PASS
forged_signature,12,ACT-000591,False,False,0,7772,False,KID-016,FAIL,ML-DSA signature mismatch,0,True,PASS
forged_signature,13,ACT-000592,False,False,0,7772,False,KID-016,FAIL,ML-DSA signature mismatch,0,True,PASS
forged_signature,14,ACT-000593,False,False,0,7772,False,KID-016,FAIL,ML-DSA signature mismatch,0,True,PASS
forged_signature,15,ACT-000594,False,False,0,7772,False,KID-016,FAIL,ML-DSA signature mismatch,0,True,PASS
forged_signature,16,ACT-000595,False,False,0,7772,False,KID-016,FAIL,ML-DSA signature mismatch,0,True,PASS
forged_signature,17,ACT-000596,False,False,0,7772,False,KID-016,FAIL,ML-DSA signature mismatch,0,True,PASS
forged_signature,18,ACT-000597,False,False,0,7772,False,KID-016,FAIL,ML-DSA signature mismatch,0,True,PASS
forged_signature,19,ACT-000598,False,False,0,7772,False,KID-016,FAIL,ML-DSA signature mismatch,0,True,PASS
forged_signature,20,ACT-000599,False,False,0,7772,False,KID-016,FAIL,ML-DSA signature mismatch,0,True,PASS
forged_signature,21,ACT-000600,False,False,0,7772,False,KID-016,FAIL,ML-DSA signature mismatch,0,True,PASS
forged_signature,22,ACT-000601,False,False,0,7772,False,KID-016,FAIL,ML-DSA signature mismatch,0,True,PASS
forged_signature,23,ACT-000602,False,False,0,7772,False,KID-016,FAIL,ML-DSA signature mismatch,0,True,PASS
forged_signature,24,ACT-000603,False,False,0,7772,False,KID-016,FAIL,ML-DSA signature mismatch,0,True,PASS
forged_signature,25,ACT-000604,False,False,0,7772,False,KID-016,FAIL,ML-DSA signature mismatch,0,True,PASS
forged_signature,26,ACT-000605,False,False,0,7772,False,KID-016,FAIL,ML-DSA signature mismatch,0,True,PASS
forged_signature,27,ACT-000606,False,False,0,7772,False,KID-016,FAIL,ML-DSA signature mismatch,0,True,PASS
forged_signature,28,ACT-000607,False,False,0,7772,False,KID-016,FAIL,ML-DSA signature mismatch,0,True,PASS
forged_signature,29,ACT-000608,False,False,0,7772,False,KID-016,FAIL,ML-DSA signature mismatch,0,True,PASS
forged_signature,30,ACT-000609,False,False,0,7772,False,KID-016,FAIL,ML-DSA signature mismatch,0,True,PASS
forged_signature,31,ACT-000610,False,False,0,7772,False,KID-016,FAIL,ML-DSA signature mismatch,0,True,PASS
forged_signature,32,ACT-000611,False,False,0,7772,False,KID-016,FAIL,ML-DSA signature mismatch,0,True,PASS
forged_signature,33,ACT-000612,False,False,0,7772,False,KID-016,FAIL,ML-DSA signature mismatch,0,True,PASS
forged_signature,34,ACT-000613,False,False,0,7772,False,KID-016,FAIL,ML-DSA signature mismatch,0,True,PASS
forged_signature,35,ACT-000614,False,False,0,7772,False,KID-016,FAIL,ML-DSA signature mismatch,0,True,PASS
forged_signature,36,ACT-000615,False,False,0,7772,False,KID-016,FAIL,ML-DSA signature mismatch,0,True,PASS
forged_signature,37,ACT-000616,False,False,0,7772,False,KID-016,FAIL,ML-DSA signature mismatch,0,True,PASS
forged_signature,38,ACT-000617,False,False,0,7772,False,KID-016,FAIL,ML-DSA signature mismatch,0,True,PASS
forged_signature,39,ACT-000618,False,False,0,7772,False,KID-016,FAIL,ML-DSA signature mismatch,0,True,PASS
forged_signature,40,ACT-000619,False,False,0,7772,False,KID-016,FAIL,ML-DSA signature mismatch,0,True,PASS
forged_signature,41,ACT-000620,False,False,0,7772,False,KID-016,FAIL,ML-DSA signature mismatch,0,True,PASS
forged_signature,42,ACT-000621,False,False,0,7772,False,KID-016,FAIL,ML-DSA signature mismatch,0,True,PASS
forged_signature,43,ACT-000622,False,False,0,7772,False,KID-016,FAIL,ML-DSA signature mismatch,0,True,PASS
forged_signature,44,ACT-000623,False,False,0,7772,False,KID-016,FAIL,ML-DSA signature mismatch,0,True,PASS
forged_signature,45,ACT-000624,False,False,0,7772,False,KID-016,FAIL,ML-DSA signature mismatch,0,True,PASS
forged_signature,46,ACT-000625,False,False,0,7772,False,KID-016,FAIL,ML-DSA signature mismatch,0,True,PASS
forged_signature,47,ACT-000626,False,False,0,7772,False,KID-016,FAIL,ML-DSA signature mismatch,0,True,PASS
forged_signature,48,ACT-000627,False,False,0,7772,False,KID-016,FAIL,ML-DSA signature mismatch,0,True,PASS
forged_signature,49,ACT-000628,False,False,0,7772,False,KID-016,FAIL,ML-DSA signature mismatch,0,True,PASS
forged_signature,50,ACT-000629,False,False,0,7772,False,KID-016,FAIL,ML-DSA signature mismatch,0,True,PASS
forged_signature,51,ACT-000630,False,False,0,7772,False,KID-016,FAIL,ML-DSA signature mismatch,0,True,PASS
forged_signature,52,ACT-000631,False,False,0,7772,False,KID-016,FAIL,ML-DSA signature mismatch,0,True,PASS
forged_signature,53,ACT-000632,False,False,0,7772,False,KID-016,FAIL,ML-DSA signature mismatch,0,True,PASS
forged_signature,54,ACT-000633,False,False,0,7772,False,KID-016,FAIL,ML-DSA signature mismatch,0,True,PASS
forged_signature,55,ACT-000634,False,False,0,7772,False,KID-016,FAIL,ML-DSA signature mismatch,0,True,PASS
forged_signature,56,ACT-000635,False,False,0,7772,False,KID-016,FAIL,ML-DSA signature mismatch,0,True,PASS
forged_signature,57,ACT-000636,False,False,0,7772,False,KID-016,FAIL,ML-DSA signature mismatch,0,True,PASS
forged_signature,58,ACT-000637,False,False,0,7772,False,KID-016,FAIL,ML-DSA signature mismatch,0,True,PASS
forged_signature,59,ACT-000638,False,False,0,7772,False,KID-016,FAIL,ML-DSA signature mismatch,0,True,PASS
forged_signature,60,ACT-000639,False,False,0,7772,False,KID-016,FAIL,ML-DSA signature mismatch,0,True,PASS
forged_signature,61,ACT-000640,False,False,0,7772,False,KID-016,FAIL,ML-DSA signature mismatch,0,True,PASS
forged_signature,62,ACT-000641,False,False,0,7772,False,KID-016,FAIL,ML-DSA signature mismatch,0,True,PASS
forged_signature,63,ACT-000642,False,False,0,7772,False,KID-016,FAIL,ML-DSA signature mismatch,0,True,PASS
forged_signature,64,ACT-000643,False,False,0,7772,False,KID-016,FAIL,ML-DSA signature mismatch,0,True,PASS
forged_signature,65,ACT-000644,False,False,0,7772,False,KID-016,FAIL,ML-DSA signature mismatch,0,True,PASS
forged_signature,66,ACT-000645,False,False,0,7772,False,KID-016,FAIL,ML-DSA signature mismatch,0,True,PASS
forged_signature,67,ACT-000646,False,False,0,7772,False,KID-016,FAIL,ML-DSA signature mismatch,0,True,PASS
forged_signature,68,ACT-000647,False,False,0,7772,False,KID-016,FAIL,ML-DSA signature mismatch,0,True,PASS
forged_signature,69,ACT-000648,False,False,0,7772,False,KID-016,FAIL,ML-DSA signature mismatch,0,True,PASS
forged_signature,70,ACT-000649,False,False,0,7772,False,KID-016,FAIL,ML-DSA signature mismatch,0,True,PASS
forged_signature,71,ACT-000650,False,False,0,7772,False,KID-016,FAIL,ML-DSA signature mismatch,0,True,PASS
forged_signature,72,ACT-000651,False,False,0,7772,False,KID-016,FAIL,ML-DSA signature mismatch,0,True,PASS
forged_signature,73,ACT-000652,False,False,0,7772,False,KID-016,FAIL,ML-DSA signature mismatch,0,True,PASS
forged_signature,74,ACT-000653,False,False,0,7772,False,KID-016,FAIL,ML-DSA signature mismatch,0,True,PASS
forged_signature,75,ACT-000654,False,False,0,7772,False,KID-016,FAIL,ML-DSA signature mismatch,0,True,PASS
forged_signature,76,ACT-000655,False,False,0,7772,False,KID-016,FAIL,ML-DSA signature mismatch,0,True,PASS
forged_signature,77,ACT-000656,False,False,0,7772,False,KID-016,FAIL,ML-DSA signature mismatch,0,True,PASS
forged_signature,78,ACT-000657,False,False,0,7772,False,KID-016,FAIL,ML-DSA signature mismatch,0,True,PASS
forged_signature,79,ACT-000658,False,False,0,7772,False,KID-016,FAIL,ML-DSA signature mismatch,0,True,PASS
forged_signature,80,ACT-000659,False,False,0,7772,False,KID-016,FAIL,ML-DSA signature mismatch,0,True,PASS
forged_signature,81,ACT-000660,False,False,0,7772,False,KID-016,FAIL,ML-DSA signature mismatch,0,True,PASS
forged_signature,82,ACT-000661,False,False,0,7772,False,KID-016,FAIL,ML-DSA signature mismatch,0,True,PASS
forged_signature,83,ACT-000662,False,False,0,7772,False,KID-016,FAIL,ML-DSA signature mismatch,0,True,PASS
forged_signature,84,ACT-000663,False,False,0,7772,False,KID-016,FAIL,ML-DSA signature mismatch,0,True,PASS
forged_signature,85,ACT-000664,False,False,0,7772,False,KID-016,FAIL,ML-DSA signature mismatch,0,True,PASS
forged_signature,86,ACT-000665,False,False,0,7772,False,KID-016,FAIL,ML-DSA signature mismatch,0,True,PASS
forged_signature,87,ACT-000666,False,False,0,7772,False,KID-016,FAIL,ML-DSA signature mismatch,0,True,PASS
forged_signature,88,ACT-000667,False,False,0,7772,False,KID-016,FAIL,ML-DSA signature mismatch,0,True,PASS
forged_signature,89,ACT-000668,False,False,0,7772,False,KID-016,FAIL,ML-DSA signature mismatch,0,True,PASS
forged_signature,90,ACT-000669,False,False,0,7772,False,KID-016,FAIL,ML-DSA signature mismatch,0,True,PASS
forged_signature,91,ACT-000670,False,False,0,7772,False,KID-016,FAIL,ML-DSA signature mismatch,0,True,PASS
forged_signature,92,ACT-000671,False,False,0,7772,False,KID-016,FAIL,ML-DSA signature mismatch,0,True,PASS
forged_signature,93,ACT-000672,False,False,0,7772,False,KID-016,FAIL,ML-DSA signature mismatch,0,True,PASS
forged_signature,94,ACT-000673,False,False,0,7772,False,KID-016,FAIL,ML-DSA signature mismatch,0,True,PASS
forged_signature,95,ACT-000674,False,False,0,7772,False,KID-016,FAIL,ML-DSA signature mismatch,0,True,PASS
forged_signature,96,ACT-000675,False,False,0,7772,False,KID-016,FAIL,ML-DSA signature mismatch,0,True,PASS
forged_signature,97,ACT-000676,False,False,0,7772,False,KID-016,FAIL,ML-DSA signature mismatch,0,True,PASS
forged_signature,98,ACT-000677,False,False,0,7772,False,KID-016,FAIL,ML-DSA signature mismatch,0,True,PASS
forged_signature,99,ACT-000678,False,False,0,7772,False,KID-016,FAIL,ML-DSA signature mismatch,0,True,PASS
forged_signature,100,ACT-000679,False,False,0,7774,False,KID-016,FAIL,ML-DSA signature mismatch,0,True,PASS
