campaign,case,index,expected,accepted_by_response,response_bytes,send_error_present,transport_key_id,frame_bytes,case_result
main,clean_baseline,1,PASS,True,7867,False,KID-017,7504,PASS
main,clean_baseline,2,PASS,True,7867,False,KID-017,7504,PASS
main,clean_baseline,3,PASS,True,7867,False,KID-017,7504,PASS
main,clean_baseline,4,PASS,True,7867,False,KID-017,7504,PASS
main,clean_baseline,5,PASS,True,7867,False,KID-017,7504,PASS
main,clean_baseline,6,PASS,True,7867,False,KID-017,7504,PASS
main,clean_baseline,7,PASS,True,7867,False,KID-017,7504,PASS
main,clean_baseline,8,PASS,True,7867,False,KID-017,7504,PASS
main,clean_baseline,9,PASS,True,7867,False,KID-017,7504,PASS
main,clean_baseline,10,PASS,True,7868,False,KID-017,7507,PASS
main,clean_baseline,11,PASS,True,7868,False,KID-017,7507,PASS
main,clean_baseline,12,PASS,True,7868,False,KID-017,7507,PASS
main,clean_baseline,13,PASS,True,7868,False,KID-017,7507,PASS
main,clean_baseline,14,PASS,True,7868,False,KID-017,7507,PASS
main,clean_baseline,15,PASS,True,7868,False,KID-017,7507,PASS
main,clean_baseline,16,PASS,True,7240,False,KID-017,7507,PASS
main,clean_baseline,17,PASS,True,7868,False,KID-017,7507,PASS
main,clean_baseline,18,PASS,True,7868,False,KID-017,7507,PASS
main,clean_baseline,19,PASS,True,7868,False,KID-017,7507,PASS
main,clean_baseline,20,PASS,True,7868,False,KID-017,7507,PASS
main,clean_baseline,21,PASS,True,7868,False,KID-017,7507,PASS
main,clean_baseline,22,PASS,True,7868,False,KID-017,7507,PASS
main,clean_baseline,23,PASS,True,7868,False,KID-017,7507,PASS
main,clean_baseline,24,PASS,True,7868,False,KID-017,7507,PASS
main,clean_baseline,25,PASS,True,7868,False,KID-017,7507,PASS
main,clean_baseline,26,PASS,True,7868,False,KID-017,7507,PASS
main,clean_baseline,27,PASS,True,7868,False,KID-017,7507,PASS
main,clean_baseline,28,PASS,True,7868,False,KID-017,7507,PASS
main,clean_baseline,29,PASS,True,7868,False,KID-017,7507,PASS
main,clean_baseline,30,PASS,True,7868,False,KID-017,7507,PASS
main,top_level_key_id_tamper,31,REJECT,False,0,False,KID-017,7534,PASS
main,top_level_key_id_tamper,32,REJECT,False,0,False,KID-017,7534,PASS
main,top_level_key_id_tamper,33,REJECT,False,0,False,KID-017,7534,PASS
main,top_level_key_id_tamper,34,REJECT,False,0,False,KID-017,7534,PASS
main,top_level_key_id_tamper,35,REJECT,False,0,False,KID-017,7534,PASS
main,top_level_key_id_tamper,36,REJECT,False,0,False,KID-017,7534,PASS
main,top_level_key_id_tamper,37,REJECT,False,0,False,KID-017,7534,PASS
main,top_level_key_id_tamper,38,REJECT,False,0,False,KID-017,7534,PASS
main,top_level_key_id_tamper,39,REJECT,False,0,False,KID-017,7534,PASS
main,top_level_key_id_tamper,40,REJECT,False,0,False,KID-017,7534,PASS
main,top_level_key_id_tamper,41,REJECT,False,0,False,KID-017,7534,PASS
main,top_level_key_id_tamper,42,REJECT,False,0,False,KID-017,7534,PASS
main,top_level_key_id_tamper,43,REJECT,False,0,False,KID-017,7534,PASS
main,top_level_key_id_tamper,44,REJECT,False,0,False,KID-017,7534,PASS
main,top_level_key_id_tamper,45,REJECT,False,0,False,KID-017,7534,PASS
main,top_level_key_id_tamper,46,REJECT,False,0,False,KID-017,7534,PASS
main,top_level_key_id_tamper,47,REJECT,False,0,False,KID-017,7534,PASS
main,top_level_key_id_tamper,48,REJECT,False,0,False,KID-017,7534,PASS
main,top_level_key_id_tamper,49,REJECT,False,0,False,KID-017,7534,PASS
main,top_level_key_id_tamper,50,REJECT,False,0,False,KID-017,7534,PASS
main,top_level_key_id_tamper,51,REJECT,False,0,False,KID-017,7534,PASS
main,top_level_key_id_tamper,52,REJECT,False,0,False,KID-017,7534,PASS
main,top_level_key_id_tamper,53,REJECT,False,0,False,KID-017,7534,PASS
main,top_level_key_id_tamper,54,REJECT,False,0,False,KID-017,7534,PASS
main,top_level_key_id_tamper,55,REJECT,False,0,False,KID-017,7534,PASS
main,top_level_key_id_tamper,56,REJECT,False,0,False,KID-017,7534,PASS
main,top_level_key_id_tamper,57,REJECT,False,0,False,KID-017,7534,PASS
main,top_level_key_id_tamper,58,REJECT,False,0,False,KID-017,7534,PASS
main,top_level_key_id_tamper,59,REJECT,False,0,False,KID-017,7534,PASS
main,top_level_key_id_tamper,60,REJECT,False,0,False,KID-017,7534,PASS
main,metadata_transport_key_id_tamper,61,REJECT,False,0,False,KID-017,7552,PASS
main,metadata_transport_key_id_tamper,62,REJECT,False,0,False,KID-017,7552,PASS
main,metadata_transport_key_id_tamper,63,REJECT,False,0,False,KID-017,7552,PASS
main,metadata_transport_key_id_tamper,64,REJECT,False,0,False,KID-017,7552,PASS
main,metadata_transport_key_id_tamper,65,REJECT,False,0,False,KID-017,7552,PASS
main,metadata_transport_key_id_tamper,66,REJECT,False,0,False,KID-017,7552,PASS
main,metadata_transport_key_id_tamper,67,REJECT,False,0,False,KID-017,7552,PASS
main,metadata_transport_key_id_tamper,68,REJECT,False,0,False,KID-017,7552,PASS
main,metadata_transport_key_id_tamper,69,REJECT,False,0,False,KID-017,7552,PASS
main,metadata_transport_key_id_tamper,70,REJECT,False,0,False,KID-017,7552,PASS
main,metadata_transport_key_id_tamper,71,REJECT,False,0,False,KID-017,7552,PASS
main,metadata_transport_key_id_tamper,72,REJECT,False,0,False,KID-017,7552,PASS
main,metadata_transport_key_id_tamper,73,REJECT,False,0,False,KID-017,7552,PASS
main,metadata_transport_key_id_tamper,74,REJECT,False,0,False,KID-017,7552,PASS
main,metadata_transport_key_id_tamper,75,REJECT,False,0,False,KID-017,7552,PASS
main,metadata_transport_key_id_tamper,76,REJECT,False,0,False,KID-017,7552,PASS
main,metadata_transport_key_id_tamper,77,REJECT,False,0,False,KID-017,7552,PASS
main,metadata_transport_key_id_tamper,78,REJECT,False,0,False,KID-017,7552,PASS
main,metadata_transport_key_id_tamper,79,REJECT,False,0,False,KID-017,7552,PASS
main,metadata_transport_key_id_tamper,80,REJECT,False,0,False,KID-017,7552,PASS
main,metadata_transport_key_id_tamper,81,REJECT,False,0,False,KID-017,7552,PASS
main,metadata_transport_key_id_tamper,82,REJECT,False,0,False,KID-017,7552,PASS
main,metadata_transport_key_id_tamper,83,REJECT,False,0,False,KID-017,7552,PASS
main,metadata_transport_key_id_tamper,84,REJECT,False,0,False,KID-017,7552,PASS
main,metadata_transport_key_id_tamper,85,REJECT,False,0,False,KID-017,7552,PASS
main,metadata_transport_key_id_tamper,86,REJECT,False,0,False,KID-017,7552,PASS
main,metadata_transport_key_id_tamper,87,REJECT,False,0,False,KID-017,7552,PASS
main,metadata_transport_key_id_tamper,88,REJECT,False,0,False,KID-017,7552,PASS
main,metadata_transport_key_id_tamper,89,REJECT,False,0,False,KID-017,7552,PASS
main,metadata_transport_key_id_tamper,90,REJECT,False,0,False,KID-017,7552,PASS
main,metadata_key_epoch_tamper,91,REJECT,False,0,False,KID-017,7529,PASS
main,metadata_key_epoch_tamper,92,REJECT,False,0,False,KID-017,7529,PASS
main,metadata_key_epoch_tamper,93,REJECT,False,0,False,KID-017,7529,PASS
main,metadata_key_epoch_tamper,94,REJECT,False,0,False,KID-017,7529,PASS
main,metadata_key_epoch_tamper,95,REJECT,False,0,False,KID-017,7529,PASS
main,metadata_key_epoch_tamper,96,REJECT,False,0,False,KID-017,7529,PASS
main,metadata_key_epoch_tamper,97,REJECT,False,0,False,KID-017,7529,PASS
main,metadata_key_epoch_tamper,98,REJECT,False,0,False,KID-017,7529,PASS
main,metadata_key_epoch_tamper,99,REJECT,False,0,False,KID-017,7529,PASS
main,metadata_key_epoch_tamper,100,REJECT,False,0,False,KID-017,7532,PASS
main,metadata_key_epoch_tamper,101,REJECT,False,0,False,KID-017,7532,PASS
main,metadata_key_epoch_tamper,102,REJECT,False,0,False,KID-017,7532,PASS
main,metadata_key_epoch_tamper,103,REJECT,False,0,False,KID-017,7532,PASS
main,metadata_key_epoch_tamper,104,REJECT,False,0,False,KID-017,7532,PASS
main,metadata_key_epoch_tamper,105,REJECT,False,0,False,KID-017,7532,PASS
main,metadata_key_epoch_tamper,106,REJECT,False,0,False,KID-017,7532,PASS
main,metadata_key_epoch_tamper,107,REJECT,False,0,False,KID-017,7532,PASS
main,metadata_key_epoch_tamper,108,REJECT,False,0,False,KID-017,7532,PASS
main,metadata_key_epoch_tamper,109,REJECT,False,0,False,KID-017,7532,PASS
main,metadata_key_epoch_tamper,110,REJECT,False,0,False,KID-017,7532,PASS
main,metadata_key_epoch_tamper,111,REJECT,False,0,False,KID-017,7532,PASS
main,metadata_key_epoch_tamper,112,REJECT,False,0,False,KID-017,7532,PASS
main,metadata_key_epoch_tamper,113,REJECT,False,0,False,KID-018,7532,PASS
main,metadata_key_epoch_tamper,114,REJECT,False,0,False,KID-018,7532,PASS
main,metadata_key_epoch_tamper,115,REJECT,False,0,False,KID-018,7532,PASS
main,metadata_key_epoch_tamper,116,REJECT,False,0,False,KID-018,7532,PASS
main,metadata_key_epoch_tamper,117,REJECT,False,0,False,KID-018,7532,PASS
main,metadata_key_epoch_tamper,118,REJECT,False,0,False,KID-018,7532,PASS
main,metadata_key_epoch_tamper,119,REJECT,False,0,False,KID-018,7532,PASS
main,metadata_key_epoch_tamper,120,REJECT,False,0,False,KID-018,7532,PASS
main,metadata_key_rotation_seconds_tamper,121,REJECT,False,0,False,KID-018,7554,PASS
main,metadata_key_rotation_seconds_tamper,122,REJECT,False,0,False,KID-018,7554,PASS
main,metadata_key_rotation_seconds_tamper,123,REJECT,False,0,False,KID-018,7554,PASS
main,metadata_key_rotation_seconds_tamper,124,REJECT,False,0,False,KID-018,7554,PASS
main,metadata_key_rotation_seconds_tamper,125,REJECT,False,0,False,KID-018,7554,PASS
main,metadata_key_rotation_seconds_tamper,126,REJECT,False,0,False,KID-018,7554,PASS
main,metadata_key_rotation_seconds_tamper,127,REJECT,False,0,False,KID-018,7554,PASS
main,metadata_key_rotation_seconds_tamper,128,REJECT,False,0,False,KID-018,7554,PASS
main,metadata_key_rotation_seconds_tamper,129,REJECT,False,0,False,KID-018,7554,PASS
main,metadata_key_rotation_seconds_tamper,130,REJECT,False,0,False,KID-018,7554,PASS
main,metadata_key_rotation_seconds_tamper,131,REJECT,False,0,False,KID-018,7554,PASS
main,metadata_key_rotation_seconds_tamper,132,REJECT,False,0,False,KID-018,7554,PASS
main,metadata_key_rotation_seconds_tamper,133,REJECT,False,0,False,KID-018,7554,PASS
main,metadata_key_rotation_seconds_tamper,134,REJECT,False,0,False,KID-018,7554,PASS
main,metadata_key_rotation_seconds_tamper,135,REJECT,False,0,False,KID-018,7554,PASS
main,metadata_key_rotation_seconds_tamper,136,REJECT,False,0,False,KID-018,7554,PASS
main,metadata_key_rotation_seconds_tamper,137,REJECT,False,0,False,KID-018,7554,PASS
main,metadata_key_rotation_seconds_tamper,138,REJECT,False,0,False,KID-018,7554,PASS
main,metadata_key_rotation_seconds_tamper,139,REJECT,False,0,False,KID-018,7554,PASS
main,metadata_key_rotation_seconds_tamper,140,REJECT,False,0,False,KID-018,7554,PASS
main,metadata_key_rotation_seconds_tamper,141,REJECT,False,0,False,KID-018,7554,PASS
main,metadata_key_rotation_seconds_tamper,142,REJECT,False,0,False,KID-018,7554,PASS
main,metadata_key_rotation_seconds_tamper,143,REJECT,False,0,False,KID-018,7554,PASS
main,metadata_key_rotation_seconds_tamper,144,REJECT,False,0,False,KID-018,7554,PASS
main,metadata_key_rotation_seconds_tamper,145,REJECT,False,0,False,KID-018,7554,PASS
main,metadata_key_rotation_seconds_tamper,146,REJECT,False,0,False,KID-018,7554,PASS
main,metadata_key_rotation_seconds_tamper,147,REJECT,False,0,False,KID-018,7554,PASS
main,metadata_key_rotation_seconds_tamper,148,REJECT,False,0,False,KID-018,7554,PASS
main,metadata_key_rotation_seconds_tamper,149,REJECT,False,0,False,KID-018,7554,PASS
main,metadata_key_rotation_seconds_tamper,150,REJECT,False,0,False,KID-018,7554,PASS
main,wire_key_id_tamper,151,REJECT,False,0,True,KID-018,7518,PASS
main,wire_key_id_tamper,152,REJECT,False,0,True,KID-018,7518,PASS
main,wire_key_id_tamper,153,REJECT,False,0,True,KID-018,7518,PASS
main,wire_key_id_tamper,154,REJECT,False,0,True,KID-018,7518,PASS
main,wire_key_id_tamper,155,REJECT,False,0,True,KID-018,7518,PASS
main,wire_key_id_tamper,156,REJECT,False,0,True,KID-018,7518,PASS
main,wire_key_id_tamper,157,REJECT,False,0,True,KID-018,7518,PASS
main,wire_key_id_tamper,158,REJECT,False,0,True,KID-018,7518,PASS
main,wire_key_id_tamper,159,REJECT,False,0,True,KID-018,7518,PASS
main,wire_key_id_tamper,160,REJECT,False,0,True,KID-018,7518,PASS
main,wire_key_id_tamper,161,REJECT,False,0,True,KID-018,7518,PASS
main,wire_key_id_tamper,162,REJECT,False,0,True,KID-018,7518,PASS
main,wire_key_id_tamper,163,REJECT,False,0,True,KID-018,7518,PASS
main,wire_key_id_tamper,164,REJECT,False,0,True,KID-018,7518,PASS
main,wire_key_id_tamper,165,REJECT,False,0,True,KID-018,7518,PASS
main,wire_key_id_tamper,166,REJECT,False,0,True,KID-018,7518,PASS
main,wire_key_id_tamper,167,REJECT,False,0,True,KID-018,7518,PASS
main,wire_key_id_tamper,168,REJECT,False,0,True,KID-018,7518,PASS
main,wire_key_id_tamper,169,REJECT,False,0,True,KID-018,7518,PASS
main,wire_key_id_tamper,170,REJECT,False,0,True,KID-018,7518,PASS
main,wire_key_id_tamper,171,REJECT,False,0,True,KID-018,7518,PASS
main,wire_key_id_tamper,172,REJECT,False,0,True,KID-018,7518,PASS
main,wire_key_id_tamper,173,REJECT,False,0,True,KID-018,7518,PASS
main,wire_key_id_tamper,174,REJECT,False,0,True,KID-018,7518,PASS
main,wire_key_id_tamper,175,REJECT,False,0,True,KID-018,7518,PASS
main,wire_key_id_tamper,176,REJECT,False,0,True,KID-018,7518,PASS
main,wire_key_id_tamper,177,REJECT,False,0,True,KID-018,7518,PASS
main,wire_key_id_tamper,178,REJECT,False,0,True,KID-018,7518,PASS
main,wire_key_id_tamper,179,REJECT,False,0,True,KID-018,7518,PASS
main,wire_key_id_tamper,180,REJECT,False,0,True,KID-018,7518,PASS
postclean_recovery,clean_baseline,1,PASS,True,7867,False,KID-019,7509,PASS
